t_rel_s,event,seq,info
0.0,meta_sent,-1,deneme=0
0.002823,send,0,
0.002975,send,1,
0.003163,send,2,
0.003292,send,3,
0.003302,send,4,
0.003557,send,5,
0.003646,send,6,
0.003739,send,7,
0.003866,send,8,
0.003872,send,9,
0.003997,send,10,
0.004099,send,11,
0.005077,send,12,
0.005352,send,13,
0.005807,send,14,
0.006565,send,15,
0.006764,ack,2,
0.007064,ack,0,
0.007409,send,16,
0.007473,ack,1,
0.007994,send,17,
0.008136,send,18,
0.008154,ack,3,
0.008522,send,19,
0.00859,ack,7,
0.008618,ack,8,
0.008644,ack,10,
0.00867,ack,5,
0.009184,ack,6,
0.009199,ack,12,
0.009447,ack,11,
0.009587,ack,14,
0.009791,ack,13,
0.010425,ack,17,
0.010591,ack,16,
0.01095,ack,18,
0.011178,ack,19,
0.104531,timeout,4,deneme=0
0.105181,retransmit,4,
0.105192,timeout,9,deneme=0
0.105696,retransmit,9,
0.106923,timeout,15,deneme=0
0.108345,retransmit,15,
0.110384,ack,4,
0.110754,send,20,
0.111217,send,21,
0.111597,send,22,
0.112122,send,23,
0.112911,send,24,
0.112964,ack,9,
0.113336,send,25,
0.113777,send,26,
0.115456,send,27,
0.115764,send,28,
0.115777,send,29,
0.116003,send,30,
0.116047,ack,15,
0.117616,send,31,
0.118163,send,32,
0.118742,send,33,
0.118968,send,34,
0.119202,send,35,
0.119267,ack,20,
0.119959,send,36,
0.120112,ack,23,
0.120142,ack,26,
0.120199,ack,25,
0.120219,ack,27,
0.12049,ack,28,
0.120516,ack,30,
0.121091,ack,31,
0.12143,ack,32,
0.122281,ack,34,
0.122793,ack,33,
0.122863,ack,35,
0.122972,ack,36,
0.212253,timeout,21,deneme=0
0.212628,retransmit,21,
0.212632,timeout,22,deneme=0
0.212778,retransmit,22,
0.214134,timeout,24,deneme=0
0.214274,retransmit,24,
0.214695,ack,21,
0.214954,send,37,
0.214973,ack,22,
0.215101,send,38,
0.215466,send,39,
0.216391,ack,24,
0.216395,timeout,29,deneme=0
0.216661,retransmit,29,
0.216729,send,40,
0.216734,send,41,
0.216896,send,42,
0.217084,send,43,
0.217094,send,44,
0.217337,ack,37,
0.218658,ack,38,
0.218682,ack,39,
0.218806,ack,40,
0.219392,ack,29,
0.219518,send,45,
0.219614,send,46,
0.219745,send,47,
0.219915,send,48,
0.220089,send,49,
0.220274,send,50,
0.220418,send,51,
0.22061,send,52,
0.220805,send,53,
0.220833,send,54,
0.22153,send,55,
0.221634,send,56,
0.222065,ack,43,
0.222101,ack,45,
0.22245,ack,46,
0.223259,ack,47,
0.22355,ack,48,
0.223841,ack,49,
0.223932,ack,52,
0.223942,ack,53,
0.224396,ack,51,
0.224485,ack,50,
0.224681,ack,55,
0.22516,ack,56,
0.31765,timeout,41,deneme=0
0.318321,retransmit,41,
0.318332,timeout,42,deneme=0
0.318796,retransmit,42,
0.318807,timeout,44,deneme=0
0.320002,retransmit,44,
0.321503,timeout,54,deneme=0
0.322783,retransmit,54,
0.323071,ack,42,
0.323119,ack,41,
0.323501,send,57,
0.324154,send,58,
0.325294,send,59,
0.325347,ack,44,
0.326016,send,60,
0.326848,send,61,
0.326863,send,62,
0.32725,send,63,
0.328303,send,64,
0.329093,send,65,
0.329106,send,66,
0.329555,send,67,
0.329936,send,68,
0.330272,send,69,
0.330317,ack,54,
0.330849,send,70,
0.331502,send,71,
0.331992,send,72,
0.332018,ack,57,
0.332397,send,73,
0.33242,ack,58,
0.332817,send,74,
0.332863,ack,59,
0.333227,send,75,
0.33325,ack,60,
0.333725,send,76,
0.333768,ack,61,
0.333992,send,77,
0.334014,ack,63,
0.33403,ack,64,
0.334244,ack,65,
0.33433,ack,67,
0.334366,ack,68,
0.33438,ack,70,
0.334389,ack,69,
0.334921,ack,71,
0.33564,ack,72,
0.335656,ack,75,
0.335934,ack,77,
0.336008,ack,74,
0.33635,ack,76,
0.427745,timeout,62,deneme=0
0.428515,retransmit,62,
0.42982,timeout,66,deneme=0
0.430196,retransmit,66,
0.432436,ack,62,
0.432451,timeout,73,deneme=0
0.432937,retransmit,73,
0.433461,send,78,
0.433821,send,79,
0.434551,send,80,
0.435234,send,81,
0.435505,ack,66,
0.436367,send,82,
0.437188,send,83,
0.437223,send,84,
0.438008,send,85,
0.439394,send,86,
0.439925,send,87,
0.441432,send,88,
0.441653,ack,73,
0.442736,send,89,
0.443436,send,90,
0.44345,send,91,
0.44387,send,92,
0.444154,send,93,
0.444207,ack,78,
0.444492,send,94,
0.444524,ack,79,
0.444763,send,95,
0.44493,ack,81,
0.444976,ack,82,
0.444994,ack,85,
0.44577,ack,83,
0.446818,ack,87,
0.446864,ack,86,
0.447546,ack,89,
0.447734,ack,92,
0.447863,ack,90,
0.448007,ack,88,
0.448264,ack,95,
0.448344,ack,94,
0.44859,ack,93,
0.535053,timeout,80,deneme=0
0.535724,retransmit,80,
0.538004,timeout,84,deneme=0
0.538721,retransmit,84,
0.538811,ack,80,
0.539331,send,96,
0.540513,send,97,
0.541684,send,98,
0.542547,send,99,
0.543337,ack,84,
0.544535,send,100,
0.54553,send,101,
0.546437,send,102,
0.546893,send,103,
0.547693,send,104,
0.548429,send,105,
0.549183,send,106,
0.549361,ack,96,
0.549371,timeout,91,deneme=0
0.550045,retransmit,91,
0.550261,ack,97,
0.550282,ack,98,
0.550407,ack,99,
0.550426,ack,100,
0.550439,ack,101,
0.550683,ack,102,
0.5512,ack,103,
0.551807,ack,105,
0.552246,ack,104,
0.552272,ack,106,
0.552481,ack,91,
0.552686,send,107,
0.5527,send,108,
0.552908,send,109,
0.553096,send,110,
0.553261,send,111,
0.55337,send,112,
0.553487,send,113,
0.55359,send,114,
0.553695,send,115,
0.55382,send,116,
0.553992,send,117,
0.554167,send,118,
0.554377,send,119,
0.554732,send,120,
0.555257,send,121,
0.555578,send,122,
0.556273,ack,113,
0.556304,ack,109,
0.556904,ack,110,
0.556923,ack,115,
0.557415,ack,112,
0.557857,ack,111,
0.55792,ack,114,
0.55807,ack,117,
0.558164,ack,120,
0.558386,ack,118,
0.558399,ack,119,
0.558776,ack,116,
0.558883,ack,121,
0.559487,ack,122,
0.653979,timeout,107,deneme=0
0.654025,retransmit,107,
0.654031,timeout,108,deneme=0
0.654558,retransmit,108,
0.658223,ack,108,
0.754676,timeout,107,deneme=1
0.755492,retransmit,107,
0.759287,ack,107,
0.759857,send,123,
0.760315,send,124,
0.760723,send,125,
0.761107,send,126,
0.761911,send,127,
0.763008,send,128,
0.763524,send,129,
0.763541,send,130,
0.764243,send,131,
0.764854,send,132,
0.765359,send,133,
0.765774,send,134,
0.766582,send,135,
0.767099,send,136,
0.767452,send,137,
0.767762,send,138,
0.767884,ack,124,
0.767949,ack,125,
0.768089,ack,126,
0.768247,ack,123,
0.768724,send,139,
0.76916,send,140,
0.769561,send,141,
0.770076,send,142,
0.770106,ack,127,
0.770504,send,143,
0.770536,ack,129,
0.770552,ack,131,
0.77057,ack,133,
0.77172,ack,132,
0.771745,ack,134,
0.77243,ack,137,
0.772504,ack,136,
0.772567,ack,138,
0.772625,ack,135,
0.773573,ack,139,
0.774036,ack,143,
0.774058,ack,142,
0.774362,ack,140,
0.774713,ack,141,
0.86412,timeout,128,deneme=0
0.864819,retransmit,128,
0.864933,timeout,130,deneme=0
0.864967,retransmit,130,
0.867899,ack,128,
0.868414,send,144,
0.868761,send,145,
0.872407,ack,145,
0.964782,timeout,130,deneme=1
0.965577,retransmit,130,
0.968868,timeout,144,deneme=0
0.969375,retransmit,144,
0.96969,ack,130,
0.970093,send,146,
0.970126,send,147,
0.970503,send,148,
0.971724,send,149,
0.97375,send,150,
0.974282,send,151,
0.975048,send,152,
0.975376,send,153,
0.975811,send,154,
0.975982,send,155,
0.976404,send,156,
0.976871,send,157,
0.977158,send,158,
0.977705,send,159,
0.97811,ack,144,
0.97912,send,160,
0.979338,send,161,
0.97941,ack,149,
0.979432,ack,146,
0.97987,send,162,
0.979926,ack,150,
0.979968,ack,151,
0.980428,ack,152,
0.98122,ack,155,
0.981318,ack,153,
0.98186,ack,157,
0.982016,ack,158,
0.982041,ack,156,
0.982888,ack,159,
0.983103,ack,160,
0.983775,ack,161,
1.07119,timeout,147,deneme=0
1.071961,retransmit,147,
1.071974,timeout,148,deneme=0
1.072416,retransmit,148,
1.075338,ack,147,
1.075923,send,163,
1.076006,ack,148,
1.076019,timeout,154,deneme=0
1.076568,retransmit,154,
1.077542,send,164,
1.078513,send,165,
1.079715,send,166,
1.081189,send,167,
1.081991,send,168,
1.082407,send,169,
1.082457,ack,163,
1.082465,timeout,162,deneme=0
1.083146,retransmit,162,
1.083512,ack,164,
1.083587,ack,154,
1.084027,send,170,
1.085487,send,171,
1.08642,send,172,
1.087543,send,173,
1.087658,send,174,
1.088077,send,175,
1.088549,send,176,
1.088986,send,177,
1.089112,ack,165,
1.089169,ack,167,
1.089293,ack,166,
1.090936,ack,162,
1.091164,send,178,
1.091382,send,179,
1.091762,send,180,
1.091882,send,181,
1.092021,send,182,
1.092142,send,183,
1.092188,ack,168,
1.092534,send,184,
1.092552,ack,169,
1.092702,send,185,
1.092735,ack,170,
1.092788,send,186,
1.092801,ack,173,
1.092836,ack,171,
1.093426,send,187,
1.09346,ack,172,
1.093644,send,188,
1.094082,send,189,
1.094137,ack,174,
1.0944,send,190,
1.094417,ack,177,
1.094445,ack,176,
1.09447,ack,178,
1.094749,ack,179,
1.094855,ack,181,
1.094888,ack,183,
1.094914,ack,186,
1.094939,ack,182,
1.095475,ack,185,
1.09611,ack,184,
1.096311,ack,188,
1.096398,ack,190,
1.096541,ack,189,
1.188961,timeout,175,deneme=0
1.189656,retransmit,175,
1.193161,timeout,180,deneme=0
1.193938,retransmit,180,
1.19403,ack,175,
1.194043,timeout,187,deneme=0
1.194431,retransmit,187,
1.194807,send,191,
1.195932,send,192,
1.197084,send,193,
1.198605,send,194,
1.200144,send,195,
1.2002,ack,187,
1.201133,ack,191,
1.201933,ack,180,
1.203316,send,196,
1.204036,send,197,
1.204543,send,198,
1.205167,send,199,
1.205501,send,200,
1.206396,send,201,
1.207289,send,202,
1.207787,send,203,
1.208264,send,204,
1.209054,send,205,
1.210427,send,206,
1.210574,send,207,
1.21062,ack,192,
1.210735,send,208,
1.210764,ack,193,
1.211,send,209,
1.211032,ack,194,
1.211109,send,210,
1.211138,ack,195,
1.211334,send,211,
1.211349,ack,196,
1.211597,send,212,
1.211613,ack,198,
1.211624,ack,200,
1.21163,ack,199,
1.211636,ack,197,
1.21212,send,213,
1.212187,send,214,
1.212307,send,215,
1.212595,send,216,
1.212649,ack,201,
1.212657,send,217,
1.21268,ack,202,
1.212846,send,218,
1.212949,ack,205,
1.213007,ack,203,
1.213087,send,219,
1.213242,ack,204,
1.213403,send,220,
1.21368,send,221,
1.213734,ack,206,
1.213999,send,222,
1.214082,ack,209,
1.214111,ack,207,
1.214118,send,223,
1.214255,ack,208,
1.214388,send,224,
1.214515,send,225,
1.215584,ack,211,
1.216123,ack,210,
1.21636,send,226,
1.216925,send,227,
1.216981,ack,213,
1.217054,ack,218,
1.217065,ack,214,
1.21716,ack,212,
1.217402,send,228,
1.217619,send,229,
1.217818,send,230,
1.217926,ack,215,
1.218058,send,231,
1.21812,ack,221,
1.218147,ack,219,
1.218331,ack,222,
1.218391,ack,220,
1.218447,ack,224,
1.219452,ack,225,
1.219889,ack,227,
1.220227,ack,228,
1.22024,ack,230,
1.220346,ack,229,
1.220672,ack,231,
1.313186,timeout,216,deneme=0
1.313911,retransmit,216,
1.313925,timeout,217,deneme=0
1.314445,retransmit,217,
1.316244,timeout,223,deneme=0
1.316853,retransmit,223,
1.318339,ack,216,
1.318353,timeout,226,deneme=0
1.319137,retransmit,226,
1.319798,send,232,
1.319987,ack,217,
1.320639,send,233,
1.322805,send,234,
1.323704,send,235,
1.324723,send,236,
1.326595,send,237,
1.327402,send,238,
1.327545,ack,223,
1.327936,send,239,
1.328187,send,240,
1.32899,send,241,
1.32904,ack,232,
1.329064,ack,226,
1.329901,send,242,
1.330654,send,243,
1.331319,send,244,
1.331637,send,245,
1.332089,send,246,
1.332982,send,247,
1.333745,send,248,
1.334055,ack,234,
1.334177,ack,233,
1.334498,send,249,
1.334648,send,250,
1.334765,ack,235,
1.335159,send,251,
1.33519,ack,236,
1.335704,send,252,
1.335738,ack,237,
1.336025,send,253,
1.336124,ack,238,
1.336425,send,254,
1.336438,ack,239,
1.33662,send,255,
1.336648,ack,240,
1.336754,send,256,
1.337187,ack,241,
1.337695,send,257,
1.337882,ack,243,
1.337919,ack,242,
1.338095,send,258,
1.338299,send,259,
1.338329,ack,246,
1.338355,ack,245,
1.338407,ack,244,
1.338458,send,260,
1.338463,send,261,
1.338808,send,262,
1.338948,ack,248,
1.33896,ack,249,
1.338971,ack,251,
1.338978,ack,250,
1.339002,ack,253,
1.339027,ack,252,
1.339157,ack,254,
1.339733,ack,255,
1.340055,ack,257,
1.340221,ack,258,
1.340582,ack,256,
1.340654,ack,260,
1.340856,ack,259,
1.34168,ack,262,
1.434068,timeout,247,deneme=0
1.434667,retransmit,247,
1.438402,ack,247,
1.438964,send,263,
1.439448,send,264,
1.439792,send,265,
1.440121,send,266,
1.44117,send,267,
1.442439,send,268,
1.444097,send,269,
1.44482,send,270,
1.446304,send,271,
1.447164,send,272,
1.447183,send,273,
1.449265,send,274,
1.449719,send,275,
1.450066,send,276,
1.450165,ack,263,
1.450175,timeout,261,deneme=0
1.450558,retransmit,261,
1.450616,ack,264,
1.450641,ack,265,
1.450666,ack,266,
1.450726,ack,267,
1.450759,ack,269,
1.450814,ack,268,
1.452095,ack,270,
1.452274,ack,272,
1.452305,ack,274,
1.452752,ack,271,
1.45385,ack,276,
1.454021,ack,261,
1.454339,send,277,
1.45454,send,278,
1.454768,send,279,
1.455096,send,280,
1.455417,send,281,
1.456364,send,282,
1.456543,send,283,
1.45715,send,284,
1.457733,send,285,
1.458065,send,286,
1.458981,send,287,
1.459464,send,288,
1.459552,ack,275,
1.459583,ack,278,
1.459609,ack,277,
1.45965,ack,280,
1.459723,ack,281,
1.459805,ack,279,
1.459968,ack,283,
1.460219,ack,282,
1.460457,ack,284,
1.460474,ack,286,
1.461026,ack,285,
1.46159,ack,287,
1.461982,ack,288,
1.548371,timeout,273,deneme=0
1.549032,retransmit,273,
1.551755,ack,273,
1.552157,send,289,
1.552517,send,290,
1.552962,send,291,
1.55346,send,292,
1.554646,send,293,
1.555772,send,294,
1.556256,send,295,
1.557211,send,296,
1.557618,send,297,
1.557943,send,298,
1.558289,send,299,
1.559439,send,300,
1.559942,send,301,
1.560169,send,302,
1.560482,send,303,
1.560977,send,304,
1.56104,ack,290,
1.561215,ack,289,
1.563048,send,305,
1.563405,send,306,
1.563441,ack,292,
1.563495,ack,291,
1.56387,send,307,
1.564464,send,308,
1.564571,ack,293,
1.565282,send,309,
1.565307,ack,294,
1.565467,send,310,
1.565634,ack,295,
1.565649,send,311,
1.565804,ack,296,
1.566299,send,312,
1.566543,ack,298,
1.56771,ack,297,
1.568093,send,313,
1.568468,send,314,
1.569041,ack,299,
1.569317,send,315,
1.569548,ack,303,
1.569713,ack,302,
1.569727,ack,300,
1.569878,send,316,
1.569904,ack,301,
1.570352,send,317,
1.570562,send,318,
1.570672,send,319,
1.570866,ack,304,
1.57102,send,320,
1.571172,ack,305,
1.571181,send,321,
1.571488,ack,307,
1.571796,ack,310,
1.57194,ack,306,
1.572083,send,322,
1.572196,send,323,
1.572224,ack,308,
1.572449,send,324,
1.572476,ack,309,
1.572751,send,325,
1.57308,send,326,
1.573142,ack,313,
1.573174,ack,314,
1.573289,ack,316,
1.573315,ack,315,
1.573339,ack,318,
1.573363,ack,319,
1.573538,ack,317,
1.574111,ack,320,
1.575028,ack,323,
1.575039,ack,324,
1.575257,ack,322,
1.575809,ack,325,
1.575905,ack,326,
1.666415,timeout,311,deneme=0
1.667125,retransmit,311,
1.667141,timeout,312,deneme=0
1.667185,retransmit,312,
1.67018,ack,311,
1.67081,send,327,
1.67216,timeout,321,deneme=0
1.672508,retransmit,321,
1.67511,ack,327,
1.676118,ack,321,
1.767589,timeout,312,deneme=1
1.768328,retransmit,312,
1.772057,ack,312,
1.772742,send,328,
1.773252,send,329,
1.773774,send,330,
1.774863,send,331,
1.776117,send,332,
1.776562,send,333,
1.778141,send,334,
1.78002,send,335,
1.780333,send,336,
1.78078,send,337,
1.781166,send,338,
1.781481,send,339,
1.78189,send,340,
1.782263,send,341,
1.782409,send,342,
1.783158,send,343,
1.783205,ack,329,
1.783227,ack,328,
1.784689,send,344,
1.785156,send,345,
1.785284,ack,332,
1.785515,ack,331,
1.785548,ack,333,
1.785564,ack,334,
1.785576,ack,335,
1.785617,ack,336,
1.786229,ack,338,
1.78696,ack,337,
1.786975,ack,339,
1.787248,ack,341,
1.787381,ack,340,
1.787397,ack,342,
1.787632,ack,343,
1.788069,ack,344,
1.78841,ack,345,
1.874652,timeout,330,deneme=0
1.874968,retransmit,330,
1.877596,ack,330,
1.87778,send,346,
1.877937,send,347,
1.878078,send,348,
1.878218,send,349,
1.878381,send,350,
1.878557,send,351,
1.878741,send,352,
1.879061,send,353,
1.879371,send,354,
1.879627,send,355,
1.879782,send,356,
1.881171,send,357,
1.881459,send,358,
1.88184,send,359,
1.882138,send,360,
1.882266,send,361,
1.882335,ack,350,
1.882365,ack,347,
1.882547,ack,346,
1.882819,send,362,
1.882938,send,363,
1.882997,ack,348,
1.883272,send,364,
1.883325,ack,349,
1.884388,send,365,
1.884854,send,366,
1.884892,ack,352,
1.884906,ack,354,
1.884916,ack,353,
1.884925,ack,351,
1.88533,send,367,
1.885673,send,368,
1.885802,send,369,
1.886175,send,370,
1.886277,ack,356,
1.88631,ack,357,
1.88654,ack,358,
1.886666,ack,355,
1.886849,send,371,
1.887051,send,372,
1.887863,send,373,
1.888059,send,374,
1.888088,ack,359,
1.888168,send,375,
1.888376,ack,361,
1.88862,ack,364,
1.888647,ack,360,
1.888976,send,376,
1.889437,send,377,
1.889476,ack,362,
1.889576,send,378,
1.889609,ack,363,
1.890101,send,379,
1.890699,send,380,
1.891409,ack,365,
1.891571,send,381,
1.891648,ack,366,
1.891775,send,382,
1.891923,ack,367,
1.892082,send,383,
1.892168,ack,369,
1.892186,ack,368,
1.892392,send,384,
1.892622,send,385,
1.892656,ack,372,
1.892717,ack,371,
1.892749,ack,373,
1.892777,ack,370,
1.892941,send,386,
1.892986,send,387,
1.893328,send,388,
1.893705,send,389,
1.893942,ack,374,
1.894249,send,390,
1.894473,ack,376,
1.894531,ack,375,
1.894541,send,391,
1.894545,send,392,
1.894748,ack,378,
1.894789,ack,379,
1.894861,ack,380,
1.895341,ack,377,
1.895467,send,393,
1.89557,send,394,
1.895674,send,395,
1.895774,send,396,
1.896359,ack,382,
1.896393,ack,386,
1.896419,ack,381,
1.896538,send,397,
1.897275,send,398,
1.89735,ack,385,
1.897417,ack,383,
1.897535,send,399,
1.897663,ack,389,
1.898279,ack,390,
1.898893,ack,394,
1.899031,ack,396,
1.899487,ack,393,
1.899673,ack,399,
1.899992,ack,397,
1.900183,ack,398,
1.993479,timeout,384,deneme=0
1.994038,retransmit,384,
1.994046,timeout,387,deneme=0
1.994385,retransmit,387,
1.994392,timeout,388,deneme=0
1.994691,retransmit,388,
1.996287,timeout,391,deneme=0
1.997054,retransmit,391,
1.997062,timeout,392,deneme=0
1.997798,retransmit,392,
1.99781,timeout,395,deneme=0
1.999014,retransmit,395,
1.999098,ack,387,
1.999201,ack,388,
2.000105,ack,384,
2.000868,send,400,
2.001327,send,401,
2.002969,send,402,
2.003374,send,403,
2.003878,send,404,
2.004741,send,405,
2.005417,send,406,
2.005817,ack,392,
2.005893,ack,395,
2.006053,ack,401,
2.006318,ack,402,
2.006592,ack,400,
2.007638,ack,404,
2.007853,ack,403,
2.009124,ack,406,
2.009346,ack,405,
2.096762,timeout,391,deneme=1
2.097493,retransmit,391,
2.100968,ack,391,
2.101627,send,407,
2.102268,send,408,
2.102756,send,409,
2.103307,send,410,
2.103337,send,411,
2.103355,send,412,
2.103951,send,413,
2.104771,send,414,
2.106085,send,415,
2.106903,send,416,
2.107445,send,417,
2.108077,send,418,
2.109319,send,419,
2.110109,send,420,
2.11049,send,421,
2.111188,send,422,
2.111405,ack,408,
2.111472,ack,407,
2.111676,send,423,
2.112576,send,424,
2.112633,ack,414,
2.112662,ack,413,
2.114425,ack,410,
2.114468,ack,409,
2.114751,send,425,
2.115086,send,426,
2.115415,ack,415,
2.116399,ack,419,
2.116571,ack,417,
2.117944,ack,424,
2.118016,ack,416,
2.11807,ack,420,
2.118117,ack,423,
2.118169,ack,422,
2.118491,ack,425,
2.118512,ack,426,
2.203741,timeout,411,deneme=0
2.204105,retransmit,411,
2.20411,timeout,412,deneme=0
2.204356,retransmit,412,
2.206604,ack,411,
2.206883,send,427,
2.206924,ack,412,
2.207127,send,428,
2.207388,send,429,
2.207603,send,430,
2.207884,send,431,
2.208362,send,432,
2.208868,send,433,
2.209578,ack,427,
2.209585,timeout,418,deneme=0
2.210067,retransmit,418,
2.210366,ack,428,
2.210852,ack,429,
2.210858,timeout,421,deneme=0
2.211104,retransmit,421,
2.21119,ack,431,
2.211595,ack,430,
2.212143,ack,433,
2.21249,ack,432,
2.212841,ack,418,
2.213088,send,434,
2.213289,send,435,
2.213306,send,436,
2.214522,ack,421,
2.214702,send,437,
2.215254,send,438,
2.215475,send,439,
2.215644,send,440,
2.215911,send,441,
2.217023,send,442,
2.217682,send,443,
2.217967,send,444,
2.219361,send,445,
2.219702,send,446,
2.220117,send,447,
2.220639,send,448,
2.220789,send,449,
2.220859,ack,434,
2.221619,send,450,
2.221679,ack,435,
2.22199,send,451,
2.222015,ack,438,
2.222327,ack,439,
2.222372,ack,437,
2.222388,ack,441,
2.222402,ack,440,
2.222413,ack,444,
2.222426,ack,442,
2.222463,ack,443,
2.222992,ack,445,
2.224039,ack,447,
2.224454,ack,448,
2.224617,ack,446,
2.224754,ack,449,
2.224775,ack,451,
2.314248,timeout,436,deneme=0
2.31485,retransmit,436,
2.318568,ack,436,
2.319115,send,452,
2.319579,send,453,
2.3202,send,454,
2.320884,send,455,
2.321581,send,456,
2.32373,send,457,
2.326909,send,458,
2.328222,send,459,
2.329005,send,460,
2.33,send,461,
2.330697,send,462,
2.331677,send,463,
2.332233,send,464,
2.333002,send,465,
2.33325,ack,453,
2.333264,timeout,450,deneme=0
2.333774,retransmit,450,
2.334173,ack,452,
2.334462,ack,456,
2.334793,ack,455,
2.336619,ack,458,
2.338117,ack,457,
2.338488,ack,459,
2.338684,ack,461,
2.338964,ack,462,
2.339004,ack,464,
2.340214,ack,450,
2.340793,send,466,
2.341212,send,467,
2.341518,send,468,
2.342048,send,469,
2.343104,ack,465,
2.343378,ack,463,
2.345733,ack,467,
2.346125,ack,466,
2.346533,ack,468,
2.347383,ack,469,
2.420679,timeout,454,deneme=0
2.421027,retransmit,454,
2.42339,ack,454,
2.423587,send,470,
2.423761,send,471,
2.423949,send,472,
2.424078,send,473,
2.424326,send,474,
2.424571,send,475,
2.427786,ack,474,
2.427853,ack,470,
2.427987,ack,471,
2.428261,ack,472,
2.428282,ack,473,
2.429048,ack,475,
2.429052,timeout,460,deneme=0
2.429216,retransmit,460,
2.431598,ack,460,
2.431764,send,476,
2.431914,send,477,
2.432029,send,478,
2.432164,send,479,
2.432326,send,480,
2.432681,send,481,
2.432816,send,482,
2.432944,send,483,
2.433199,send,484,
2.43321,send,485,
2.433213,send,486,
2.434085,send,487,
2.434661,send,488,
2.435363,send,489,
2.435374,send,490,
2.435607,send,491,
2.435642,ack,476,
2.435858,send,492,
2.43593,ack,479,
2.435958,ack,480,
2.436174,ack,478,
2.436997,ack,483,
2.437091,ack,481,
2.437855,ack,487,
2.437888,ack,482,
2.438296,ack,484,
2.438547,ack,491,
2.438778,ack,489,
2.438924,ack,488,
2.439093,ack,477,
2.43925,send,493,
2.439407,send,494,
2.439527,send,495,
2.439641,send,496,
2.439755,send,497,
2.439881,send,498,
2.440003,send,499,
2.440132,send,500,
2.440167,ack,492,
2.441308,ack,495,
2.441705,ack,494,
2.44266,ack,500,
2.442862,ack,493,
2.44288,ack,497,
2.443535,ack,499,
2.44355,ack,498,
2.533996,timeout,485,deneme=0
2.534718,retransmit,485,
2.534734,timeout,486,deneme=0
2.535295,retransmit,486,
2.536734,timeout,490,deneme=0
2.53676,retransmit,490,
2.538189,ack,485,
2.538707,send,501,
2.539013,ack,486,
2.539443,send,502,
2.540122,send,503,
2.540625,send,504,
2.542333,send,505,
2.544066,ack,501,
2.544079,timeout,496,deneme=0
2.54459,retransmit,496,
2.544645,ack,503,
2.544727,ack,502,
2.545251,ack,504,
2.54623,ack,505,
2.54779,ack,496,
2.637227,timeout,490,deneme=1
2.638019,retransmit,490,
2.642254,ack,490,
2.642712,send,506,
2.642735,send,507,
2.643205,send,508,
2.643882,send,509,
2.644373,send,510,
2.645212,send,511,
2.64597,ack,506,
2.647543,ack,509,
2.648442,ack,510,
2.648487,ack,511,
2.743989,timeout,507,deneme=0
2.744646,retransmit,507,
2.744657,timeout,508,deneme=0
2.745117,retransmit,508,
2.748749,ack,507,
2.749155,ack,508,
2.7496,fin_sent,-1,deneme=0
2.825265,done,-1,OK
