scenario,mode,file,filesize,payload_size,window,timeout,loss_rate,delay_ms,repeat,completion_time_s,throughput_kbps,goodput_kbps,data_packets_sent,retransmissions,retransmission_rate,timeouts,acks_received,dup_acks,dup_data_server,failed_packets,avg_rtt_ms,min_rtt_ms,max_rtt_ms,integrity_ok
S1,stop-and-wait,small.bin,51200,256,1,0.08,0.03,1.0,0,1.388075,327.994,295.085,210,10,0.0476,10,200,0,6,0,2.687,1.73,3.847,1
S1,stop-and-wait,small.bin,51200,256,1,0.08,0.03,1.0,1,1.174737,383.868,348.674,208,8,0.0385,8,200,0,2,0,2.476,1.601,3.551,1
S1,stop-and-wait,small.bin,51200,256,1,0.08,0.03,1.0,2,1.254375,361.225,326.537,209,9,0.0431,9,200,0,3,0,2.481,1.412,3.409,1
S1,stop-and-wait,small.bin,51200,512,1,0.08,0.03,1.0,0,0.589748,743.477,694.534,104,4,0.0385,4,100,0,1,0,2.473,1.38,3.416,1
S1,stop-and-wait,small.bin,51200,512,1,0.08,0.03,1.0,1,0.998428,460.267,410.245,109,9,0.0826,9,100,0,2,0,2.524,1.55,3.791,1
S1,stop-and-wait,small.bin,51200,512,1,0.08,0.03,1.0,2,0.498319,871.426,821.964,103,3,0.0291,3,100,0,1,0,2.4,1.609,3.503,1
S1,stop-and-wait,small.bin,51200,1024,1,0.08,0.03,1.0,0,0.459864,976.046,890.699,54,4,0.0741,4,50,0,1,0,2.505,1.593,3.536,1
S1,stop-and-wait,small.bin,51200,1024,1,0.08,0.03,1.0,1,0.297959,1450.617,1374.687,52,2,0.0385,2,50,0,1,0,2.535,1.62,3.145,1
S1,stop-and-wait,small.bin,51200,1024,1,0.08,0.03,1.0,2,0.381205,1155.641,1074.488,53,3,0.0566,3,50,0,2,0,2.57,1.811,3.381,1
S1,stop-and-wait,small.bin,51200,1400,1,0.08,0.03,1.0,0,0.42201,1077.037,970.594,41,4,0.0976,4,37,0,2,0,2.451,1.572,3.432,1
S1,stop-and-wait,small.bin,51200,1400,1,0.08,0.03,1.0,1,0.178089,2388.474,2299.978,38,1,0.0263,1,37,0,1,0,2.435,1.604,3.14,1
S1,stop-and-wait,small.bin,51200,1400,1,0.08,0.03,1.0,2,0.677193,721.331,604.85,44,7,0.1591,7,37,0,4,0,2.768,1.789,3.891,1
S1,sliding-window,small.bin,51200,256,16,0.08,0.03,1.0,0,0.78175,599.025,523.952,216,16,0.0741,17,200,0,10,0,4.372,1.968,7.619,1
S1,sliding-window,small.bin,51200,256,16,0.08,0.03,1.0,1,0.471651,965.289,868.438,210,10,0.0476,10,200,0,4,0,5.151,1.783,8.247,1
S1,sliding-window,small.bin,51200,256,16,0.08,0.03,1.0,2,0.541376,840.969,756.591,210,10,0.0476,10,200,0,3,0,4.391,1.513,6.724,1
S1,sliding-window,small.bin,51200,512,16,0.08,0.03,1.0,0,0.274304,1629.197,1493.232,106,6,0.0566,7,100,0,1,0,4.193,1.671,6.466,1
S1,sliding-window,small.bin,51200,512,16,0.08,0.03,1.0,1,0.276927,1598.546,1479.092,105,5,0.0476,5,100,0,2,0,4.538,2.332,7.506,1
S1,sliding-window,small.bin,51200,512,16,0.08,0.03,1.0,2,0.355537,1256.959,1152.059,106,6,0.0566,6,100,0,3,0,4.469,2.025,8.134,1
S1,sliding-window,small.bin,51200,1024,16,0.08,0.03,1.0,0,0.178122,2473.221,2299.543,53,3,0.0566,3,50,0,0,0,3.67,1.682,5.815,1
S1,sliding-window,small.bin,51200,1024,16,0.08,0.03,1.0,1,0.100166,4232.082,4089.2,51,1,0.0196,2,50,0,0,0,5.054,2.321,6.766,1
S1,sliding-window,small.bin,51200,1024,16,0.08,0.03,1.0,2,0.259798,1695.686,1576.609,53,3,0.0566,4,50,0,1,0,3.887,2.338,5.313,1
S1,sliding-window,small.bin,51200,1400,16,0.08,0.03,1.0,0,0.177881,2582.172,2302.659,41,4,0.0976,4,37,0,2,0,4.334,2.191,5.747,1
S1,sliding-window,small.bin,51200,1400,16,0.08,0.03,1.0,1,0.094111,4519.777,4352.315,38,1,0.0263,1,37,0,0,0,4.216,2.168,5.834,1
S1,sliding-window,small.bin,51200,1400,16,0.08,0.03,1.0,2,0.093477,4671.541,4381.843,39,2,0.0513,2,37,0,1,0,3.708,2.027,4.765,1
S2,sliding-window,small.bin,51200,1024,16,0.005,0.05,3.0,0,0.053141,16736.29,7707.789,107,57,0.5327,59,90,40,47,0,0.0,0.0,0.0,1
S2,sliding-window,small.bin,51200,1024,16,0.005,0.05,3.0,1,0.043396,18962.344,9438.68,99,49,0.4949,54,80,30,42,0,5.456,4.615,6.431,1
S2,sliding-window,small.bin,51200,1024,16,0.005,0.05,3.0,2,0.075739,16352.033,5408.04,149,109,0.7315,110,60,29,101,1,0.0,0.0,0.0,0
S2,sliding-window,small.bin,51200,1024,16,0.015,0.05,3.0,0,0.094426,5281.573,4337.769,60,10,0.1667,10,50,0,6,0,6.56,4.378,8.87,1
S2,sliding-window,small.bin,51200,1024,16,0.015,0.05,3.0,1,0.051627,8694.1,7933.874,54,4,0.0741,4,50,0,3,0,6.753,3.885,9.535,1
S2,sliding-window,small.bin,51200,1024,16,0.015,0.05,3.0,2,0.095525,4785.75,4287.871,55,5,0.0909,7,50,0,4,0,7.202,5.048,9.521,1
S2,sliding-window,small.bin,51200,1024,16,0.04,0.05,3.0,0,0.114588,3844.534,3574.557,53,3,0.0566,3,50,0,1,0,6.929,4.027,9.424,1
S2,sliding-window,small.bin,51200,1024,16,0.04,0.05,3.0,1,0.103919,4159.227,3941.52,52,2,0.0385,2,50,0,0,0,6.547,4.409,8.655,1
S2,sliding-window,small.bin,51200,1024,16,0.04,0.05,3.0,2,0.115526,3813.314,3545.529,53,3,0.0566,4,50,0,1,0,6.419,4.089,9.138,1
S2,sliding-window,small.bin,51200,1024,16,0.1,0.05,3.0,0,0.238277,1848.837,1719.005,53,3,0.0566,4,50,0,1,0,6.512,3.831,9.078,1
S2,sliding-window,small.bin,51200,1024,16,0.1,0.05,3.0,1,0.238453,1847.478,1717.742,53,3,0.0566,3,50,0,2,0,6.54,3.781,8.693,1
S2,sliding-window,small.bin,51200,1024,16,0.1,0.05,3.0,2,0.335518,1412.098,1220.8,57,7,0.1228,7,50,0,4,0,6.742,3.97,9.497,1
S2,sliding-window,small.bin,51200,1024,16,0.3,0.05,3.0,0,0.633452,721.696,646.615,55,5,0.0909,5,50,0,1,0,6.764,3.942,9.289,1
S2,sliding-window,small.bin,51200,1024,16,0.3,0.05,3.0,1,0.932824,498.992,439.097,56,6,0.1071,6,50,0,3,0,7.049,4.646,9.475,1
S2,sliding-window,small.bin,51200,1024,16,0.3,0.05,3.0,2,0.636795,717.908,643.221,55,5,0.0909,5,50,0,2,0,6.904,3.904,9.799,1
S3,stop-and-wait,small.bin,51200,1024,1,0.08,0.0,1.0,0,0.13515,3075.108,3030.713,50,0,0.0,0,50,0,0,0,2.477,1.832,3.677,1
S3,stop-and-wait,small.bin,51200,1024,1,0.08,0.0,1.0,1,0.137001,3033.559,2989.763,50,0,0.0,0,50,0,0,0,2.515,1.674,3.695,1
S3,stop-and-wait,small.bin,51200,1024,1,0.08,0.02,1.0,0,0.541331,844.511,756.653,55,5,0.0909,5,50,0,2,0,2.487,1.581,3.443,1
S3,stop-and-wait,small.bin,51200,1024,1,0.08,0.02,1.0,1,0.216454,1958.443,1892.322,51,1,0.0196,1,50,0,1,0,2.504,1.495,3.307,1
S3,stop-and-wait,small.bin,51200,1024,1,0.08,0.05,1.0,0,0.702968,673.977,582.673,57,7,0.1228,7,50,0,0,0,2.549,1.661,3.922,1
S3,stop-and-wait,small.bin,51200,1024,1,0.08,0.05,1.0,1,0.297818,1451.304,1375.338,52,2,0.0385,2,50,0,1,0,2.509,1.654,3.248,1
S3,stop-and-wait,small.bin,51200,1024,1,0.08,0.1,1.0,0,1.511403,368.468,271.006,67,17,0.2537,18,50,0,8,0,2.609,1.731,3.543,1
S3,stop-and-wait,small.bin,51200,1024,1,0.08,0.1,1.0,1,0.944881,527.813,433.494,60,10,0.1667,10,50,0,5,0,2.487,1.431,3.709,1
S3,stop-and-wait,small.bin,51200,1024,1,0.08,0.2,1.0,0,2.482091,264.554,165.022,79,29,0.3671,29,50,0,12,0,2.603,1.697,3.482,1
S3,stop-and-wait,small.bin,51200,1024,1,0.08,0.2,1.0,1,2.31677,276.257,176.798,77,27,0.3506,27,50,0,12,0,2.542,1.554,3.573,1
S3,stop-and-wait,small.bin,51200,1024,1,0.08,0.3,1.0,0,1.169965,206.03,350.096,29,13,0.4483,13,15,0,8,1,2.751,1.985,3.493,0
S3,stop-and-wait,small.bin,51200,1024,1,0.08,0.3,1.0,1,5.217667,178.422,78.503,112,62,0.5536,65,50,0,27,0,2.52,1.94,3.345,1
S3,sliding-window,small.bin,51200,1024,16,0.08,0.0,1.0,0,0.025382,16373.656,16137.27,50,0,0.0,0,50,0,0,0,5.477,3.423,8.4,1
S3,sliding-window,small.bin,51200,1024,16,0.08,0.0,1.0,1,0.023481,17699.3,17443.776,50,0,0.0,0,50,0,0,0,5.074,2.726,7.694,1
S3,sliding-window,small.bin,51200,1024,16,0.08,0.0,1.0,2,0.024582,16906.69,16662.609,50,0,0.0,0,50,0,0,0,5.198,1.822,7.845,1
S3,sliding-window,small.bin,51200,1024,16,0.08,0.02,1.0,0,0.106604,3976.497,3842.244,51,1,0.0196,1,50,0,1,0,5.446,2.524,9.006,1
S3,sliding-window,small.bin,51200,1024,16,0.08,0.02,1.0,1,0.177782,2477.961,2303.95,53,3,0.0566,3,50,0,0,0,4.109,2.306,6.05,1
S3,sliding-window,small.bin,51200,1024,16,0.08,0.02,1.0,2,0.09938,4265.578,4121.565,51,1,0.0196,1,50,0,1,0,4.516,2.276,6.056,1
S3,sliding-window,small.bin,51200,1024,16,0.08,0.05,1.0,0,0.336816,1406.655,1216.094,57,7,0.1228,8,50,0,3,0,3.484,1.801,4.657,1
S3,sliding-window,small.bin,51200,1024,16,0.08,0.05,1.0,1,0.18198,2466.465,2250.793,54,4,0.0741,4,50,0,1,0,4.303,2.074,6.81,1
S3,sliding-window,small.bin,51200,1024,16,0.08,0.05,1.0,2,0.257453,1775.701,1590.968,55,5,0.0909,5,50,0,4,0,3.906,2.188,6.441,1
S3,sliding-window,small.bin,51200,1024,16,0.08,0.1,1.0,0,0.261153,1814.203,1568.431,57,7,0.1228,8,50,0,2,0,4.12,2.228,5.776,1
S3,sliding-window,small.bin,51200,1024,16,0.08,0.1,1.0,1,0.261155,1846.018,1568.42,58,8,0.1379,8,50,0,3,0,3.795,1.678,5.741,1
S3,sliding-window,small.bin,51200,1024,16,0.08,0.1,1.0,2,0.260362,1979.335,1573.193,62,12,0.1935,13,50,0,8,0,3.718,2.185,5.944,1
S3,sliding-window,small.bin,51200,1024,16,0.08,0.2,1.0,0,0.418084,1312.157,979.707,66,16,0.2424,19,50,0,7,0,3.418,1.69,6.037,1
S3,sliding-window,small.bin,51200,1024,16,0.08,0.2,1.0,1,0.661383,1017.976,619.308,81,31,0.3827,32,50,0,13,0,3.074,2.163,4.158,1
S3,sliding-window,small.bin,51200,1024,16,0.08,0.2,1.0,2,0.739375,899.354,553.982,80,30,0.375,33,50,0,13,0,3.15,2.038,4.144,1
S3,sliding-window,small.bin,51200,1024,16,0.08,0.3,1.0,0,0.659164,1248.381,621.393,99,49,0.4949,50,50,0,18,0,3.288,2.013,4.569,1
S3,sliding-window,small.bin,51200,1024,16,0.08,0.3,1.0,1,0.985101,860.647,415.795,102,52,0.5098,53,50,0,17,0,2.987,1.808,4.044,1
S3,sliding-window,small.bin,51200,1024,16,0.08,0.3,1.0,2,1.137179,796.715,360.189,109,59,0.5413,61,49,0,26,1,2.576,1.947,3.741,0
S4,sliding-window,small.bin,51200,1024,32,0.08,0.03,1.0,0,0.100084,4318.621,4092.571,52,2,0.0385,2,50,0,1,0,8.391,4.368,11.759,1
S4,sliding-window,small.bin,51200,1024,32,0.08,0.03,1.0,1,0.254156,1766.033,1611.608,54,4,0.0741,4,50,0,1,0,5.962,3.501,9.035,1
S4,sliding-window,medium.bin,524288,1024,32,0.08,0.03,1.0,0,1.070399,4208.81,3918.451,542,30,0.0554,30,512,0,11,0,7.343,1.774,13.706,1
S4,sliding-window,medium.bin,524288,1024,32,0.08,0.03,1.0,1,1.078678,4168.798,3888.373,541,29,0.0536,29,512,0,15,0,7.052,2.455,12.491,1
S4,sliding-window,large.bin,2097152,1024,32,0.08,0.03,1.0,0,4.2659,4249.625,3932.867,2181,133,0.061,133,2048,0,71,0,7.401,1.524,14.532,1
S4,sliding-window,large.bin,2097152,1024,32,0.08,0.03,1.0,1,4.498616,4003.921,3729.417,2167,119,0.0549,119,2048,0,57,0,7.092,1.777,13.862,1
S4,stop-and-wait,small.bin,51200,1024,1,0.08,0.03,1.0,0,0.456146,984.0,897.958,54,4,0.0741,4,50,0,1,0,2.456,1.609,3.51,1
S4,stop-and-wait,small.bin,51200,1024,1,0.08,0.03,1.0,1,0.295121,1464.564,1387.904,52,2,0.0385,2,50,0,1,0,2.475,1.551,3.269,1
S4,stop-and-wait,medium.bin,524288,1024,1,0.08,0.03,1.0,0,3.315896,1343.598,1264.908,536,24,0.0448,24,512,0,10,0,2.523,1.485,3.689,1
S4,stop-and-wait,medium.bin,524288,1024,1,0.08,0.03,1.0,1,3.631494,1235.987,1154.98,540,28,0.0519,28,512,0,14,0,2.51,1.45,3.555,1
S4,stop-and-wait,large.bin,2097152,1024,1,0.08,0.03,1.0,0,15.941317,1135.636,1052.436,2178,130,0.0597,130,2048,0,59,0,2.501,1.426,6.902,1
S4,stop-and-wait,large.bin,2097152,1024,1,0.08,0.03,1.0,1,14.193662,1262.583,1182.022,2156,108,0.0501,108,2048,0,56,0,2.512,1.378,4.019,1
